ticker,asset_name,asset_group,sequence_in_5d_window,date,close,run_timestamp_utc,run_timestamp_et
SPY,S&P 500 proxy,Index proxy,1,2026-09-21,773.5,2026-09-25T23:18:56.354214+00:00,2026-09-25T19:18:56.354214-04:00
SPY,S&P 500 proxy,Index proxy,2,2026-09-22,773.38,2026-09-25T23:18:56.354214+00:00,2026-09-25T19:18:56.354214-04:00
SPY,S&P 500 proxy,Index proxy,3,2026-09-23,767.81,2026-09-25T23:18:56.354214+00:00,2026-09-25T19:18:56.354214-04:00
SPY,S&P 500 proxy,Index proxy,4,2026-09-24,767.18,2026-09-25T23:18:56.354214+00:00,2026-09-25T19:18:56.354214-04:00
SPY,S&P 500 proxy,Index proxy,5,2026-09-25,771.35,2026-09-25T23:18:56.354214+00:00,2026-09-25T19:18:56.354214-04:00
QQQ,Nasdaq 100 proxy,Index proxy,1,2026-09-21,741.47,2026-09-25T23:18:56.354214+00:00,2026-09-25T19:18:56.354214-04:00
QQQ,Nasdaq 100 proxy,Index proxy,2,2026-09-22,747.46,2026-09-25T23:18:56.354214+00:00,2026-09-25T19:18:56.354214-04:00
QQQ,Nasdaq 100 proxy,Index proxy,3,2026-09-23,741.21,2026-09-25T23:18:56.354214+00:00,2026-09-25T19:18:56.354214-04:00
QQQ,Nasdaq 100 proxy,Index proxy,4,2026-09-24,741.1,2026-09-25T23:18:56.354214+00:00,2026-09-25T19:18:56.354214-04:00
QQQ,Nasdaq 100 proxy,Index proxy,5,2026-09-25,744.5,2026-09-25T23:18:56.354214+00:00,2026-09-25T19:18:56.354214-04:00
IWM,Russell 2000 proxy,Index proxy,1,2026-09-21,285.58,2026-09-25T23:18:56.354214+00:00,2026-09-25T19:18:56.354214-04:00
IWM,Russell 2000 proxy,Index proxy,2,2026-09-22,287.21,2026-09-25T23:18:56.354214+00:00,2026-09-25T19:18:56.354214-04:00
IWM,Russell 2000 proxy,Index proxy,3,2026-09-23,281.92,2026-09-25T23:18:56.354214+00:00,2026-09-25T19:18:56.354214-04:00
IWM,Russell 2000 proxy,Index proxy,4,2026-09-24,281.66,2026-09-25T23:18:56.354214+00:00,2026-09-25T19:18:56.354214-04:00
IWM,Russell 2000 proxy,Index proxy,5,2026-09-25,281.97,2026-09-25T23:18:56.354214+00:00,2026-09-25T19:18:56.354214-04:00
XLK,Technology sector proxy,Sector proxy,1,2026-09-21,194.85,2026-09-25T23:18:56.354214+00:00,2026-09-25T19:18:56.354214-04:00
XLK,Technology sector proxy,Sector proxy,2,2026-09-22,196.27,2026-09-25T23:18:56.354214+00:00,2026-09-25T19:18:56.354214-04:00
XLK,Technology sector proxy,Sector proxy,3,2026-09-23,195.34,2026-09-25T23:18:56.354214+00:00,2026-09-25T19:18:56.354214-04:00
XLK,Technology sector proxy,Sector proxy,4,2026-09-24,194.71,2026-09-25T23:18:56.354214+00:00,2026-09-25T19:18:56.354214-04:00
XLK,Technology sector proxy,Sector proxy,5,2026-09-25,196.27,2026-09-25T23:18:56.354214+00:00,2026-09-25T19:18:56.354214-04:00
XLF,Financials sector proxy,Sector proxy,1,2026-09-21,55.9,2026-09-25T23:18:56.354214+00:00,2026-09-25T19:18:56.354214-04:00
XLF,Financials sector proxy,Sector proxy,2,2026-09-22,54.8,2026-09-25T23:18:56.354214+00:00,2026-09-25T19:18:56.354214-04:00
XLF,Financials sector proxy,Sector proxy,3,2026-09-23,54.54,2026-09-25T23:18:56.354214+00:00,2026-09-25T19:18:56.354214-04:00
XLF,Financials sector proxy,Sector proxy,4,2026-09-24,54.53,2026-09-25T23:18:56.354214+00:00,2026-09-25T19:18:56.354214-04:00
XLF,Financials sector proxy,Sector proxy,5,2026-09-25,54.84,2026-09-25T23:18:56.354214+00:00,2026-09-25T19:18:56.354214-04:00
XLE,Energy sector proxy,Sector proxy,1,2026-09-21,62.46,2026-09-25T23:18:56.354214+00:00,2026-09-25T19:18:56.354214-04:00
XLE,Energy sector proxy,Sector proxy,2,2026-09-22,61.78,2026-09-25T23:18:56.354214+00:00,2026-09-25T19:18:56.354214-04:00
XLE,Energy sector proxy,Sector proxy,3,2026-09-23,62.37,2026-09-25T23:18:56.354214+00:00,2026-09-25T19:18:56.354214-04:00
XLE,Energy sector proxy,Sector proxy,4,2026-09-24,62.6,2026-09-25T23:18:56.354214+00:00,2026-09-25T19:18:56.354214-04:00
XLE,Energy sector proxy,Sector proxy,5,2026-09-25,62.04,2026-09-25T23:18:56.354214+00:00,2026-09-25T19:18:56.354214-04:00
